experiment_id,timestamp,git_commit,candidate_method,candidate_K,candidate_pair_recall,entity_complete_coverage,reranker_model,reranker_checkpoint,feature_set,threshold,precision,recall,macro_F0.5,singleton_F0.5,matched_F0.5,India_F0.5,US_F0.5,S2_metric,S3_metric,runtime,hardware,notes
sample_v1/char_cosine,2026-09-25T14:54:41.174619+00:00,e8f1ae352c77aec61462eb5f8b273964ad801248,sample_v1,50,0.7580091533180778,0.468,none,,char_cosine,0.6349999999999999,0.7902370003537319,0.6390160183066361,0.6909512240580342,0.36538461538461536,0.7088093080780951,0.63823285550929,0.7266864940138943,0.64582170417302,0.6696623586166156,71.15028899999925,10-core ARM CPU; 16 GiB RAM,"5,000 sampled S1 searched against FULL training S2/S3; train/calibration/validation=3000/1000/1000; effective K=50/source"
sample_v1/logistic_features,2026-09-25T14:54:41.174619+00:00,e8f1ae352c77aec61462eb5f8b273964ad801248,sample_v1,50,0.7580091533180778,0.468,none,,logistic_features,0.365,0.8904267589388697,0.6624713958810069,0.7719366477478022,0.6923076923076923,0.7763044807466268,0.7073267807405589,0.8157325978668062,0.6960344819654031,0.7552491315444102,71.15028899999925,10-core ARM CPU; 16 GiB RAM,"5,000 sampled S1 searched against FULL training S2/S3; train/calibration/validation=3000/1000/1000; effective K=50/source"
sample_v1/cheap_logistic,2026-09-25T14:54:41.174619+00:00,e8f1ae352c77aec61462eb5f8b273964ad801248,sample_v1,50,0.7580091533180778,0.468,none,,cheap_logistic,0.275,0.8675728155339806,0.6390160183066361,0.750492485290039,0.6346153846153846,0.7568486131751466,0.667274809145693,0.8069017825422465,0.6757414263368211,0.7209761518924831,71.15028899999925,10-core ARM CPU; 16 GiB RAM,"5,000 sampled S1 searched against FULL training S2/S3; train/calibration/validation=3000/1000/1000; effective K=50/source"
exact_core_v1/char_cosine,2026-09-25T15:08:42.183239+00:00,e8f1ae352c77aec61462eb5f8b273964ad801248,exact_core_v1,100,0.5331807780320366,0.205,none,,char_cosine,0.5799999999999998,0.871676891615542,0.48770022883295194,0.6774046891459802,0.8461538461538461,0.668148406272131,0.661167044546646,0.688411414679757,0.6359822226706902,0.5870686952796086,31.494447500000206,10-core ARM CPU; 16 GiB RAM,"5,000 sampled S1 searched against FULL training S2/S3; train/calibration/validation=3000/1000/1000; effective K=100/source"
exact_core_v1/logistic_features,2026-09-25T15:08:42.183239+00:00,e8f1ae352c77aec61462eb5f8b273964ad801248,exact_core_v1,100,0.5331807780320366,0.205,none,,logistic_features,0.47,0.9488476672287802,0.482837528604119,0.711541791459784,0.9807692307692307,0.6967740416242446,0.6804539154898964,0.7326147812111843,0.6474248773886931,0.6268341912215751,31.494447500000206,10-core ARM CPU; 16 GiB RAM,"5,000 sampled S1 searched against FULL training S2/S3; train/calibration/validation=3000/1000/1000; effective K=100/source"
exact_core_v1/cheap_logistic,2026-09-25T15:08:42.183239+00:00,e8f1ae352c77aec61462eb5f8b273964ad801248,exact_core_v1,100,0.5331807780320366,0.205,none,,cheap_logistic,0.25,0.8817991631799164,0.48226544622425627,0.6906810559310975,0.8846153846153846,0.6800433079441957,0.6804171896047794,0.6976384418301453,0.6394446145865318,0.6018007011048808,31.494447500000206,10-core ARM CPU; 16 GiB RAM,"5,000 sampled S1 searched against FULL training S2/S3; train/calibration/validation=3000/1000/1000; effective K=100/source"
address_v2/char_cosine,2026-09-25T15:00:36.036425+00:00,e8f1ae352c77aec61462eb5f8b273964ad801248,address_v2,100,0.937929061784897,0.826,none,,char_cosine,0.695,0.7934304097527938,0.6701945080091534,0.7168436040964884,0.40384615384615385,0.7340122406081102,0.6606755720401029,0.7549172365642397,0.6728097483892164,0.6822841681838479,120.27376129100048,10-core ARM CPU; 16 GiB RAM,"5,000 sampled S1 searched against FULL training S2/S3; train/calibration/validation=3000/1000/1000; effective K=100/source"
address_v2/logistic_features,2026-09-25T15:00:36.036425+00:00,e8f1ae352c77aec61462eb5f8b273964ad801248,address_v2,100,0.937929061784897,0.826,none,,logistic_features,0.5899999999999999,0.9174511223750905,0.7248283752860412,0.8219210105627737,0.75,0.8258660448974404,0.7609928919421785,0.8632212788894857,0.760920860121131,0.7894309634423026,120.27376129100048,10-core ARM CPU; 16 GiB RAM,"5,000 sampled S1 searched against FULL training S2/S3; train/calibration/validation=3000/1000/1000; effective K=100/source"
address_v2/cheap_logistic,2026-09-25T15:00:36.036425+00:00,e8f1ae352c77aec61462eb5f8b273964ad801248,address_v2,100,0.937929061784897,0.826,none,,cheap_logistic,0.34,0.8264435695538058,0.7205377574370709,0.7789525261653245,0.6538461538461539,0.7858149010182748,0.7276881902439186,0.8137021766892304,0.7344114580595152,0.7381413657930195,120.27376129100048,10-core ARM CPU; 16 GiB RAM,"5,000 sampled S1 searched against FULL training S2/S3; train/calibration/validation=3000/1000/1000; effective K=100/source"
capped100_k20/char_cosine,2026-09-25T15:20:11.630451+00:00,e8f1ae352c77aec61462eb5f8b273964ad801248,capped100_k20,20,0.9061784897025171,0.777,none,,char_cosine,0.6599999999999999,0.7644916540212443,0.7205377574370709,0.7231655081759132,0.3076923076923077,0.7459551774007522,0.6638310350450202,0.7633855201639681,0.69726303776607,0.690022431509574,42.31344516599984,10-core ARM CPU; 16 GiB RAM,"5,000 sampled S1 searched against FULL training S2/S3; train/calibration/validation=3000/1000/1000; effective K=20/source"
capped100_k20/logistic_features,2026-09-25T15:20:11.630451+00:00,e8f1ae352c77aec61462eb5f8b273964ad801248,capped100_k20,20,0.9061784897025171,0.777,none,,logistic_features,0.5399999999999996,0.9100395825836632,0.7233981693363845,0.8189518387408812,0.75,0.8227340071106342,0.7610265458113663,0.8582166346192771,0.7632030003450283,0.7794958451179853,42.31344516599984,10-core ARM CPU; 16 GiB RAM,"5,000 sampled S1 searched against FULL training S2/S3; train/calibration/validation=3000/1000/1000; effective K=20/source"
capped100_k20/cheap_logistic,2026-09-25T15:20:11.630451+00:00,e8f1ae352c77aec61462eb5f8b273964ad801248,capped100_k20,20,0.9061784897025171,0.777,none,,cheap_logistic,0.4,0.8405647382920111,0.6982265446224256,0.7749301854858403,0.7115384615384616,0.7784073686559496,0.7308874824798585,0.8047846351744586,0.7301336905558571,0.7234723437330981,42.31344516599984,10-core ARM CPU; 16 GiB RAM,"5,000 sampled S1 searched against FULL training S2/S3; train/calibration/validation=3000/1000/1000; effective K=20/source"
capped10_k20/char_cosine,2026-09-25T15:22:12.510606+00:00,e8f1ae352c77aec61462eb5f8b273964ad801248,capped10_k20,20,0.937929061784897,0.83,none,,char_cosine,0.6599999999999999,0.7763197136892335,0.7445652173913043,0.7356785503322822,0.3269230769230769,0.7580997366374285,0.6677549072804658,0.7817207513271376,0.7079354139920533,0.71894743484015,28.672106375000112,10-core ARM CPU; 16 GiB RAM,"5,000 sampled S1 searched against FULL training S2/S3; train/calibration/validation=3000/1000/1000; effective K=20/source"
capped10_k20/logistic_features,2026-09-25T15:22:12.510606+00:00,e8f1ae352c77aec61462eb5f8b273964ad801248,capped10_k20,20,0.937929061784897,0.83,none,,logistic_features,0.5899999999999999,0.9103232533889468,0.7491418764302059,0.821902805806414,0.7115384615384616,0.8279565462092976,0.7564237709562153,0.8662879233894346,0.7710774575441758,0.799322382894794,28.672106375000112,10-core ARM CPU; 16 GiB RAM,"5,000 sampled S1 searched against FULL training S2/S3; train/calibration/validation=3000/1000/1000; effective K=20/source"
capped10_k20/cheap_logistic,2026-09-25T15:22:12.510606+00:00,e8f1ae352c77aec61462eb5f8b273964ad801248,capped10_k20,20,0.937929061784897,0.83,none,,cheap_logistic,0.4,0.8267963602133668,0.7537185354691075,0.7836595081667533,0.5961538461538461,0.7939446288678832,0.7207476958001765,0.8263044279588623,0.7464100713249959,0.7532468805334376,28.672106375000112,10-core ARM CPU; 16 GiB RAM,"5,000 sampled S1 searched against FULL training S2/S3; train/calibration/validation=3000/1000/1000; effective K=20/source"
address_tree_v1,2026-09-25T15:02:08.833245+00:00,e8f1ae352c77aec61462eb5f8b273964ad801248,address_v2,100,0.937929061784897,0.826,none,,"14 lexical features, shallow HistGradientBoosting",0.6449999999999999,0.9613338063142959,0.7751716247139588,0.8744149893659737,0.9038461538461539,0.8728006216940651,0.8338146707311611,0.9019360107224572,0.8232236981490414,0.8427787318090377,8.766350666999642,10-core ARM CPU; 16 GiB RAM,"5,000 sampled S1 searched against FULL training S2/S3; train/calibration/validation=3000/1000/1000; effective K=100/source"
capped100_k20_tree,2026-09-25T15:20:16.661317+00:00,e8f1ae352c77aec61462eb5f8b273964ad801248,capped100_k20,20,0.9061784897025171,0.777,none,,"10 token features, shallow HistGradientBoosting",0.455,0.9077306733167082,0.7288329519450801,0.8276609669531577,0.7692307692307693,0.8308659988957359,0.7880199564969804,0.854531719007345,0.782895415900674,0.7863541876139826,3.5411250420002034,10-core ARM CPU; 16 GiB RAM,"5,000 sampled S1 searched against FULL training S2/S3; train/calibration/validation=3000/1000/1000; effective K=20/source"
capped10_k20_tree,2026-09-25T15:22:15.903187+00:00,e8f1ae352c77aec61462eb5f8b273964ad801248,capped10_k20,20,0.937929061784897,0.83,none,,"10 token features, shallow HistGradientBoosting",0.5599999999999994,0.9388054232319532,0.732837528604119,0.8437751450600567,0.8461538461538461,0.84364466778487,0.8045313106023139,0.8703766704307414,0.7923550561056703,0.8040303776180652,2.342745042000388,10-core ARM CPU; 16 GiB RAM,"5,000 sampled S1 searched against FULL training S2/S3; train/calibration/validation=3000/1000/1000; effective K=20/source"
capped10_fuzzy_tree,2026-09-25T15:26:46.567107+00:00,e8f1ae352c77aec61462eb5f8b273964ad801248,capped10_k20,20,0.937929061784897,0.83,none,,"10 token + 6 RapidFuzz features, shallow HistGradientBoosting",0.6399999999999999,0.9654208871812784,0.7906178489702517,0.8902261365415952,0.9230769230769231,0.88842419466413,0.859718976878244,0.910905486380511,0.8469485608560686,0.8518334302280937,7.810291999999208,10-core ARM CPU; 16 GiB RAM,"5,000 sampled S1 searched against FULL training S2/S3; train/calibration/validation=3000/1000/1000; effective K=20/source"
